attr_to_inst,cat_to_num,cor.mean,cov.mean,eigenvalues.mean,eigenvalues.sd,freq_class.mean,freq_class.sd,gravity,inst_to_attr,iq_range.mean,iq_range.sd,kurtosis.mean,kurtosis.sd,mad.mean,mad.sd,max.mean,max.sd,mean.mean,mean.sd,median.mean,median.sd,min.mean,min.sd,nr_attr,nr_bin,nr_cat,nr_class,nr_cor_attr,nr_inst,nr_norm,nr_num,nr_outliers,range.mean,range.sd,sd.mean,sd.sd,skewness.mean,skewness.sd,sparsity.mean,sparsity.sd,t_mean.mean,t_mean.sd,var.mean,var.sd,dataset_id,best_model,len
0.06896551724137931,0.0,0.525358303777039,9.585381434611368e-07,1.9181884806194338e-06,1.5932921450535526e-06,0.03448275862068965,7.061715720500897e-18,0.0001983860094584111,14.5,0.0014713288768564375,0.0010185650775525175,3.5200534590244152,4.057924705666943,0.0007325445431049538,0.0007447892516880846,0.5035072212466278,0.7021421128362945,0.5007855334151726,0.7050486972945813,0.5007012029324298,0.7058923765381306,0.49753505538124276,0.7031853870465511,2,0,0,29,1.0,29,0.0,2,2,0.0059721658653850585,0.0010432742102566138,0.0013679784722604768,0.0003060175813620055,-0.7150902613120078,2.5185780229488643,0.0,0.0,0.5008347386166568,0.7054866504538791,1.9181884806194338e-06,8.372509268728848e-07,1072,2.0,30.0
0.010752688172043012,0.0,0.31415291988651384,0.00977694194605789,0.05214768935709188,0.03881163128433162,0.010989010989010992,0.002254375992950362,0.5944246310922863,93.0,0.13361394408383676,0.049563876506055794,4.177426628513247,5.210427933970835,0.09923818181183028,0.03935895230372448,0.8620684948783809,0.13779326330065186,0.2270523533495148,0.09636791402551671,0.20218772327747672,0.11272172836221003,0.011187571411178616,0.10468784767393982,1,0,0,91,0.30685956287531735,93,0.0,1,1,0.8508809234672022,0.11450752467362747,0.14766242698821266,0.023860635610668098,1.643133037052309,0.8010185850441569,0.00023889154323936847,0.000206994227082485,0.20496891065605571,0.1037641918617949,0.021804192344049237,0.009634733636189613,1076,2.0,80.0
0.10638297872340426,0.0,0.2954751841502916,0.0006542491169893856,0.0026122694183598845,0.003906794644962861,0.021276595744680857,7.013911153301922e-18,0.1079279914916836,9.4,0.05115315329669534,0.030681354005885498,0.06987834015692522,0.637085320998181,0.0396954026726585,0.023571006138832645,0.46585253296993007,0.24898651051067125,0.3534875507528074,0.2906759603997677,0.3474430149393656,0.2963870653723852,0.2775744318704211,0.2987072458741791,5,0,0,47,0.2,47,3.0,5,4,0.188278101099509,0.11825681392146606,0.04439018030283711,0.02832360568151364,0.5129953882771059,0.7157570504020245,0.0,0.0,0.3484875469204692,0.2970682860954445,0.0026122694183598845,0.00290294313653937,1089,2.0,50.0
0.05263157894736842,0.0,0.3675949686916168,3.920393733248699e-11,2.56037042922548e-10,3.3381950779856233e-10,0.026315789473684206,3.516018793541879e-18,6.043964887427212e-06,19.0,2.0341969992117953e-05,1.9337073553595118e-05,-0.7990454852605221,0.5276834647125984,1.4899966981458404e-05,1.4041259896174953e-05,0.00014541629071087108,8.523261637080615e-05,0.00012112458623452441,6.421426554401709e-05,0.00011999288956247262,6.188081592332272e-05,9.920951126424687e-05,4.860315392317045e-05,2,0,0,38,0.0,38,1.0,2,0,4.620677944662422e-05,3.6629462447635705e-05,1.3466381532609821e-05,1.2222406583053366e-05,0.015100026198271,0.39411997562927326,0.0,0.0,0.00012041212345996038,6.2933480439637e-05,2.56037042922548e-10,3.291831805881571e-10,1093,2.0,40.0
0.05128205128205128,0.0,0.993083526492351,0.008638767877941574,0.01005424657362396,0.014145298508724775,0.02564102564102564,0.0,0.0009398507480996132,19.5,0.007667001793526965,0.010635980965717124,31.625364230591053,0.7412673769459508,0.0014754149571070759,0.002079261135447244,0.8860812273237895,0.1611054451825655,0.5093427357407313,0.6776028471513288,0.5013589970387076,0.7051795377624938,0.2788533087534045,0.3943104449715541,2,0,0,39,1.0,39,0.0,2,2,0.6072279185703849,0.23320499978898857,0.0968327950564761,0.03681457252704305,-0.0667097042165592,8.069233757946622,0.0,0.0,0.5032011049128446,0.70249923326054,0.01005424657362396,0.007129715913205872,1094,2.0,40.0
0.06,0.0,0.43224083964193943,9.757666108347044e-05,0.0002065792509193229,0.0003090137036390395,0.02,0.0,0.008505202648110635,16.666666666666668,0.012215532397790274,0.009515465451468778,11.196329269013205,16.863741487192364,0.00928072390397973,0.007297763159892038,0.564568160857207,0.11622839747486013,0.5287901572190309,0.09874221265345721,0.5286777719203916,0.09581621659465636,0.4995985783142156,0.10523209930288253,3,0,0,50,0.3333333333333333,50,0.0,3,3,0.06496958254299123,0.026676342504965686,0.013032932702580305,0.007421783756887796,1.7250582054423609,3.198040707244363,0.0,0.0,0.5286761851712234,0.09640578157573808,0.00020657925091932292,0.00016813517693738318,1096,0.0,50.0
0.10416666666666667,0.0,0.2627471446708892,0.0004127309915607271,0.0024348197502804085,0.003088231287412567,0.020833333333333332,0.0,0.1427057592421662,9.6,0.054847231213087155,0.04536172971483702,0.34039380242908396,1.5788522962966154,0.040028199457700114,0.032292461679329455,0.23767107683370048,0.14103327288337106,0.12962732387391476,0.11261954722297027,0.1284411570898548,0.11694015159496841,0.0548006759331497,0.10715808192513081,5,0,0,48,0.2,48,2.0,5,2,0.1828704009005508,0.11058173367141864,0.042200158332224076,0.02859122214543364,0.4784011425865424,0.7143908009938081,0.00018501387604070294,0.00041370360360773136,0.12835855880157226,0.1135025736484331,0.002434819750280409,0.002665020906770709,1098,1.0,50.0
0.008,0.0,0.023157372898671348,0.0026385137720841664,0.1139522525320923,0.009323162180294362,0.0010000000000000005,4.338978721946687e-19,1.2340746285616455,125.0,0.6019141237164738,0.016593980384017822,-1.2034011648607703,0.037444609585325764,0.4449111121538186,0.013036721156896372,0.7464549279176709,0.06506840308193572,0.009583301411948257,0.014447651170937069,0.009687052091792195,0.02198748721276299,-0.6879226807139256,0.03388834028039231,8,0,0,1000,0.0,1000,0.0,8,0,1.4343776086315962,0.07646349319257524,0.33754606354347916,0.004127609947494681,-0.015692384113028042,0.04105722117490469,0.0,0.0,0.011361925325894428,0.017324523650925995,0.11395225253209232,0.0027706985518468714,189,1.0,700.0
0.01639344262295082,0.0,0.31415291988651384,0.00977694194605789,0.05214768935709188,0.03881163128433162,0.01666666666666667,0.0021163843421898453,1.2807662332248171e-05,61.0,4.549431202538479e-06,0.049563876506055794,3.385588978999409,5.210427933970835,3.4519969551435325e-06,0.03935895230372448,0.9999917332989583,0.13779326330065186,0.9999830929727062,0.09636791402551671,0.9999837553958393,0.11272172836221003,0.9999654861123816,0.10468784767393982,1,0,0,60,0.30685956287531735,61,0.0,1,1,2.6247186576733306e-05,0.11450752467362747,4.2099031275176084e-06,0.023860635610668098,-1.2047152929795715,0.8010185850441569,0.0002777777777777768,0.000206994227082485,0.9999834771758758,0.1037641918617949,1.772328434308254e-11,0.009634733636189613,190,0.0,50.0
0.025,0.0,0.31415291988651384,0.00977694194605789,0.05214768935709188,0.03881163128433162,0.06666666666666668,0.0816496580927726,0.38490247811367767,40.0,0.3848366988378857,0.049563876506055794,-1.8328902476952595,5.210427933970835,0.18525961455604717,0.03935895230372448,0.8321160736136357,0.13779326330065186,0.653130464311381,0.09636791402551671,0.7071067811865476,0.11272172836221003,0.4472135954999579,0.10468784767393982,1,0,0,15,0.30685956287531735,40,0.0,1,0,0.3849024781136778,0.11450752467362747,0.17643066468196422,0.023860635610668098,-0.21297705769991598,0.8010185850441569,0.04273504273504273,0.000206994227082485,0.6621206781185328,0.1037641918617949,0.031127779440119695,0.009634733636189613,193,2.0,40.0
0.050314465408805034,0.0,0.8947138735075736,4.3663551552562633e-05,0.0004087346909272669,0.0011482443948294498,0.006289308176100629,0.0,0.023877159088033638,19.875,0.014602049875802358,0.028693255330724015,-0.6670458054762722,0.2829637312883915,0.008656862687231839,0.015456441480290116,0.06063460133278284,0.1259447668669158,0.03727558059495194,0.08013894463334019,0.038923546563637335,0.08436916622183584,0.015536745556285123,0.03600519370412175,8,0,0,159,1.0,159,0.0,8,1,0.04509785577649772,0.08999802104670468,0.009718247263084807,0.0189522817641966,-0.057232784907381956,0.27072839728321224,0.0,0.0,0.038053180087304614,0.08220765859814799,0.00040873469092726696,0.0011211993917693659,195,1.0,200.0
0.03260869565217391,0.0,0.4332089276490611,0.000731368324311736,0.00876315487859551,0.02091129479435568,0.0036231884057971015,0.0,0.048425864514077877,30.666666666666668,0.07924118084427398,0.13586878391711993,10.054703596597472,10.243643179295265,0.057941228980765924,0.1024932781206953,0.3505251561767507,0.3176330771594962,0.11234574497523687,0.18749635839082335,0.10152921339132154,0.17686353337091348,0.016612218750338963,0.03208587477109893,9,0,0,276,0.38888888888888884,276,0.0,9,8,0.33391293742641165,0.29099729352973613,0.058855292648315044,0.0772114666459023,2.1176383535737813,1.3846609607135434,0.0,0.0,0.10705880147972549,0.18949240024307568,0.008763154878595504,0.02056669485572776,200,2.0,300.0
0.050314465408805034,0.0,0.8947138735075736,4.3663551552562633e-05,0.0004087346909272669,0.0011482443948294498,0.006289308176100629,0.0,0.023877159088033638,19.875,0.014602049875802358,0.028693255330724015,-0.6670458054762722,0.2829637312883915,0.008656862687231839,0.015456441480290116,0.06063460133278284,0.1259447668669158,0.03727558059495194,0.08013894463334019,0.038923546563637335,0.08436916622183584,0.015536745556285123,0.03600519370412175,8,0,0,159,1.0,159,0.0,8,1,0.04509785577649772,0.08999802104670468,0.009718247263084807,0.0189522817641966,-0.057232784907381956,0.27072839728321224,0.0,0.0,0.038053180087304614,0.08220765859814799,0.00040873469092726696,0.0011211993917693659,207,1.0,200.0
0.027777777777777776,0.0,0.4067948357117898,0.01192746122222959,0.029317919019153215,0.023305591857672572,0.009259259259259259,0.0,0.6493628113910237,36.0,0.22566065250032516,0.009833179501564236,0.36223011761396773,0.7720562573765473,0.16340386511972207,0.014346589479588308,0.8792295970255802,0.06739246983531065,0.48828900620482374,0.15319025192758426,0.5081893193471437,0.17027973923528225,0.08059702477777218,0.0725473498717159,3,0,0,108,0.6666666666666666,108,0.0,3,2,0.7986325722478081,0.005167764476163718,0.17106214293925345,0.00913747275101061,-0.2890281636615961,0.814648555708912,2.9114624275773375e-05,5.042800848891771e-05,0.49780842931823927,0.1652530138734891,0.02931791901915322,0.003124304069547308,210,2.0,90.0
0.125,0.0,0.9855903302918536,2.961070912057377e-07,2.5305709928595646e-05,3.5787606023373426e-05,0.0625,0.0,0.0008467498980117671,8.0,0.004183849251639642,0.005841868473137622,-0.9523590820689785,0.3507694528826955,0.0029881762975506533,0.004166976951266162,0.4961785244495383,0.7012172184437823,0.49210785055668155,0.6955663248301175,0.49298329033822513,0.6968174232383183,0.4843123977568421,0.6846256070412825,2,0,0,16,1.0,16,2.0,2,1,0.011866126692696207,0.016591611402499724,0.0035781382175194493,0.005000527337176026,-0.17220394258799393,0.8696507546523591,0.0,0.0,0.4928204088532244,0.6965817052197059,2.5305709928595646e-05,3.5785155945800615e-05,211,2.0,30.0
0.020833333333333332,0.0,0.546106055773327,2.7768082246757865e-07,6.574198826627474e-06,9.277785390000396e-06,0.010416666666666666,0.0,3.1252517717459606e-05,48.0,0.0025471195831679285,0.0034036900174550483,2.402148057200759,0.48808162552487017,0.0017080464406897203,0.0023165570581233485,0.5112841419433419,0.6910658665556033,0.5033841727698064,0.7020362299649822,0.503093258879016,0.7025264690330336,0.5004057495449373,0.7055233506207695,2,0,0,96,1.0,96,0.0,2,2,0.01087839239840466,0.014457484065166205,0.0018818439088888882,0.0024628691923061063,-0.14237642618573298,2.084634596057914,0.0,0.0,0.5031674697993249,0.7024008247451572,6.574198826627476e-06,9.269470775862684e-06,214,0.0,80.0
0.008,0.0,0.032461906107050804,0.0012651527034872048,0.043593749735480074,0.024198458885821266,0.0010000000000000005,4.338978721946687e-19,0.14352445309421316,125.0,0.26723259726820325,0.10535123329935256,0.07729139794478879,0.295690232703625,0.19643832699310904,0.07636331339749505,0.5998835382824148,0.21612383896027346,-0.0053083744700682944,0.014637355266167941,-0.0006270819076051523,0.00793905293176479,-0.6401813932215268,0.23743789031118867,8,0,0,1000,0.0,1000,4.0,8,8,1.2400649315039418,0.4498228846266902,0.19681776648391813,0.07450036649391682,-0.03563403791110886,0.11007936404840982,0.0,0.0,-0.0035937193762269263,0.008111180244685259,0.04359374973548007,0.02358694570569108,225,1.0,700.0
0.07407407407407407,0.0,0.8780241461240812,1.2766084196967304e-05,1.5027058145341095e-05,1.8835423843536973e-05,0.03703703703703703,7.071075188784084e-18,0.00011056940200579617,13.5,0.0038942411317789646,0.0014089829371629517,-0.43626365995364225,0.284926210730506,0.0021126922319932343,0.0002673047022343598,0.016826671097485698,0.001955547439161238,0.008385442899032102,0.0005914529066583978,0.006904038773901241,0.00025055246014257825,0.0048080898825777285,9.041279766641759e-05,2,0,0,27,1.0,27,0.0,2,2,0.01201858121490797,0.002045960236827656,0.003844906859138615,0.0006982111283700961,1.0682124771782076,0.09091274457059383,0.0,0.0,0.00733092557002893,0.0004700771087442003,1.5027058145341091e-05,5.369113513194189e-06,226,1.0,30.0
0.03164556962025317,0.0,0.9648491640004323,0.012479757098824224,0.013926548997335345,0.02993451805855363,0.0063291139240506345,1.7402393038102857e-18,0.38977164953714033,31.6,0.11369339782105503,0.028393895915086623,1.5300626581855075,0.40118924175027737,0.07378015264987622,0.016364916549728877,0.5029244965374642,0.13420818248911653,0.13184057334336288,0.028498499359860832,0.0918060235274722,0.02255572010106595,0.02510517400668692,0.01612577784609829,5,0,0,158,1.0,158,0.0,5,5,0.4778193225307773,0.14519606805541452,0.1147602688721705,0.030753651931975465,1.5304095137858695,0.09881702693530996,0.0,0.0,0.09911011540940683,0.0233864228386842,0.013926548997335345,0.008239806521920938,232,1.0,300.0
0.006,0.0,0.41308605579516494,0.006463735034920537,0.016044603571295567,0.020642314295587626,0.0010000000000000005,4.338978721946687e-19,0.6296346425002388,166.66666666666666,0.14939884921307928,0.05911950400621108,1.5941253490204883,2.2859720039747358,0.10339017644460098,0.035781465343068294,0.6781365783708488,0.11207727332920131,0.3711261546086053,0.11894925670881679,0.3766134036754844,0.13555536524064055,0.015788214545469564,0.018359578389938215,6,0,0,1000,0.26666666666666666,1000,0.0,6,5,0.6623483638253793,0.09732679358911611,0.12156811163531078,0.03897380358220385,-0.17184051169221948,1.2443476957987925,0.0,0.0,0.3749357689106089,0.13201509557241822,0.01604460357129556,0.008897955483444969,23515,1.0,700.0
0.032,0.0,0.07905353082574491,0.00012208287770718813,0.031161666375455907,0.07332934001852526,0.0010000000000000005,4.338978721946687e-19,0.7458450076066782,31.25,0.1407184268541169,0.29059660495720563,0.921875628276321,2.0025367523037754,0.10456405711635491,0.21601035913583358,0.19697237828831987,0.3206462165351152,0.007350184323622265,0.008220629830390557,0.008559020088643966,0.008089122928364653,-0.17103967018538407,0.33715899972230595,32,0,0,1000,0.0,1000,0.0,32,27,0.36801204847370395,0.6564341387383276,0.07978320034410748,0.1599880876801259,0.44841506897523736,0.57181430760631,0.0,0.0,0.007054439916863751,0.007848728922216937,0.031161666375455904,0.07321163069996116,308,1.0,700.0
0.006,0.0,0.2936181719522744,0.00015688818226221535,0.0006835316032570258,0.0012978973433908612,0.0010000000000000005,4.338978721946687e-19,0.036205112225535706,166.66666666666666,0.023492593200752237,0.022066857322321085,3.687106315897434,6.8477644175815335,0.01637533303349308,0.01578184278122807,0.19079180922615038,0.39804035105815333,0.1464081660352942,0.41555695075611454,0.1505442124514782,0.4151365491319201,0.06189815509080795,0.42839050015903735,6,0,0,1000,0.3333333333333333,1000,0.0,6,6,0.12889365413534246,0.12501027166597897,0.02024946641773308,0.018115983430798104,-1.1180520667497842,1.426263663510828,0.0,0.0,0.1497068857418218,0.4152952439586839,0.0006835316032570261,0.001118257505229682,344,1.0,700.0
0.36,0.0,0.5043510296965324,0.006998569087334703,0.014827402834826309,0.02607793348272829,0.04,0.0,1.301444803988005,2.7777777777777777,0.1303601353084499,0.03748961488775761,1.3330166283033897,2.076212169894344,0.08901112746953853,0.03351002192662259,0.5021056655924374,0.05349987893307338,0.28003987499580674,0.10919293483531539,0.28762396573931964,0.1355798574176271,0.0,0.0,9,0,0,25,0.5,25,1.0,9,6,0.5021056655924374,0.05349987893307338,0.12128545375392304,0.011484630396652455,-0.5604948163296413,1.2238131946779813,0.00019290123456790155,0.0005787037037037046,0.28441556266641155,0.13023460779016066,0.014827402834826305,0.002819083000680281,406,1.0,30.0
0.45,0.0,0.43833585921812523,0.009974095240976082,0.02277933603725308,0.03576307713769823,0.05000000000000001,7.119154932824459e-18,0.38701951766883624,2.2222222222222223,0.18713215055938667,0.08284030979115442,-0.34070508052058374,1.0890977429626498,0.14112488826427932,0.057832289913418836,0.5385279801700193,0.05863340613953373,0.2809849273723637,0.09011096332398058,0.2893433701234654,0.10690644824142448,0.0,0.0,9,0,0,20,0.38888888888888884,20,7.0,9,4,0.5385279801700193,0.05863340613953373,0.1495287546184286,0.021749678778184664,-0.19075628446291615,0.7018589937157241,0.0006497725795971413,0.001949317738791424,0.28561599850654595,0.10290993950826827,0.02277933603725309,0.00653194398356715,426,1.0,30.0
1.5909090909090908,0.0,0.4274568363545384,0.0032137138471849346,0.007489670544669605,0.02397780078353644,0.04545454545454544,1.4204368673474937e-17,0.9476335979916481,0.6285714285714286,0.1209965624543012,0.05139545252374381,-0.2696091688098434,2.9216920286075014,0.08242471515881421,0.034740160520995204,0.28537258322066816,0.03786108443040362,0.13702255423087512,0.04913061969009451,0.13710704124398676,0.07176201689187515,0.0,0.0,35,0,0,22,0.38823529411764707,22,16.0,35,10,0.28537258322066816,0.03786108443040362,0.08509896580827955,0.01597266019510367,0.09441009860196349,0.9810361178116294,0.001371977362373521,0.004454330850631218,0.13596914048081596,0.0592109907602553,0.007489670544669604,0.0028501222332224818,428,0.0,30.0
0.47368421052631576,0.0,0.46984567033429187,0.010363451230317813,0.02252468902445754,0.03601776359593607,0.05263157894736841,7.129035791060298e-18,0.5592943800558734,2.111111111111111,0.19419586751050846,0.0871609856516415,-0.4815533582239543,1.025164079807459,0.14211555950089538,0.055829942840978176,0.5210026459029559,0.06032002493279377,0.2771583677603326,0.08591126129728388,0.2899009802761696,0.10904717989188475,0.0,0.0,9,0,0,19,0.5,19,6.0,9,4,0.5210026459029559,0.06032002493279377,0.1486367638103211,0.022040341467611645,-0.2536398770537526,0.6579069385187754,0.0007262164124909224,0.002178649237472767,0.2837576913420725,0.09903642898170327,0.02252468902445754,0.006602238424275228,429,2.0,30.0
0.002,0.0,0.5051685699761976,0.002365251586428581,0.007815081953663195,0.009460214243978804,0.0011574074074074076,0.000500975401538065,0.9610063766360758,500.0,0.0021335844042621836,0.0016062082287800702,164.93542314340084,164.59230438973034,0.000455751315278283,0.0003773534584008873,0.5568957455728185,0.6264498803765136,0.009648831761413514,0.013045846680608965,0.00030784093054987693,0.0002549592458781551,-0.6961991688263185,0.0,2,0,0,864,1.0,1000,0.0,2,2,1.253094914399137,0.6264498803765136,0.07904804098206952,0.055973014400874474,-5.208267650509175,15.288401169092074,0.00015756497237978722,0.0,0.0006664672678183223,0.0005135777293408556,0.007815081953663195,0.008849114272500588,43071,1.0,700.0
1.4375,0.0,0.3653542649449226,0.00393595923004842,0.011043019769818098,0.0240557781894531,0.0625,0.0,0.8447091814028762,0.6956521739130435,0.14275626108021333,0.04841439211963723,-0.5289188768657327,1.1860166443412248,0.11079405645183794,0.036746355763862926,0.3584655260008688,0.04395706567228759,0.17465915239959512,0.04525552598598541,0.16710346063592266,0.056076691909454926,0.0,0.0,23,0,0,16,0.2924901185770751,16,17.0,23,5,0.3584655260008688,0.04395706567228759,0.1038466458950446,0.016451802666975445,0.07220882079808517,0.6655272772617411,0.0,0.0,0.1712807040929981,0.053557452278002085,0.011043019769818092,0.0036732070352323517,433,2.0,30.0
0.1641025641025641,0.0,0.027920165761171158,9.4588650970465e-05,0.0033019376670277855,0.0012666041392890247,0.005128205128205129,8.695943330278386e-19,0.5037159788418832,6.09375,0.0675238152126248,0.015783998511309138,1.2837617793898146,1.990408005146589,0.05027423116900732,0.011395118031895015,0.3334252634767304,0.01759119309857992,0.15960298745237536,0.03249342590358766,0.16029567297515251,0.03629946411856206,0.0,0.0,32,0,0,195,0.0,195,9.0,32,29,0.3334252634767304,0.01759119309857992,0.05678576510028306,0.008933564054342572,0.07512652212426041,0.649841397918462,0.0,0.0,0.15975869242380158,0.035880266283644144,0.0033019376670277855,0.001048973845895974,434,1.0,200.0
0.6,0.0,0.4122307604831197,0.010904886688247593,0.026189730734913784,0.03863185450436711,0.06666666666666667,0.0,0.47874988620702125,1.6666666666666667,0.20565110229991135,0.056408302286745135,-0.7591674166265058,0.6404866735277487,0.17316579510283026,0.05194797530894894,0.5431833976919757,0.06480700433960809,0.2640763398852053,0.07517702805836692,0.2505895348191411,0.10062884391706282,0.0,0.0,9,0,0,15,0.2777777777777778,15,8.0,9,3,0.5431833976919757,0.06480700433960809,0.1606819856524801,0.020430589795725866,0.01394535506871639,0.5497604563864997,0.000566893424036281,0.001700680272108843,0.26107375313904224,0.09092580779982906,0.0261897307349138,0.006653771219393296,440,2.0,20.0
0.6,0.0,0.41628050312674547,0.01161202531913398,0.027913644440777832,0.04139381861133609,0.06666666666666667,0.0,0.8198321488395417,1.6666666666666667,0.2088123732184756,0.06313836494760525,-0.7389676093690591,0.6637121283358867,0.1772040619437841,0.06269772290571331,0.5671899052070001,0.08093744284615521,0.2728329995792897,0.08172119805590956,0.2582859752296124,0.10897501804939948,0.0,0.0,9,0,0,15,0.3055555555555555,15,8.0,9,2,0.5671899052070001,0.08093744284615521,0.16533090122176422,0.025529487553105887,0.02801735528417447,0.5220839224740824,0.000566893424036281,0.001700680272108843,0.2693990954212538,0.096161954124005,0.027913644440777825,0.008834707544423495,441,0.0,20.0
0.012,0.0,0.16945346881000387,0.0015645515658024433,0.01436948963279916,0.022091417624755853,0.0010000000000000005,4.338978721946687e-19,0.4515945614338899,83.33333333333333,0.1419626033908582,0.13061444931292265,-0.027658256787454188,0.736016921434586,0.10471122211855984,0.0960325409396145,0.3936687155951175,0.3984350254975714,0.1531814514319049,0.2228233855468192,0.1562417154489846,0.2259421084664185,-0.0458333115042221,0.1479129980024445,12,0,0,1000,0.045454545454545456,1000,0.0,12,8,0.43950202709933966,0.3105002432864101,0.0921910780844193,0.08002473313873312,0.07861337383114002,0.5515959201109516,0.0,0.0,0.15461587355702242,0.2238852799655764,0.014369489632799161,0.018539262485492612,44973,1.0,700.0
0.032,0.0,0.07576297909787094,0.00016229772434548696,0.03113115478765415,0.07336829357724979,0.0010000000000000005,4.338978721946687e-19,1.8940593935337053,31.25,0.14173293413526206,0.29368949874860206,0.8928678100166505,1.8944058920597788,0.1054880185682209,0.21873968567949648,0.19609368525336002,0.3173001687536298,0.007134452208758626,0.01011272497916114,0.006535623918923545,0.013421157454546072,-0.16615030729840097,0.33903816916399,32,0,0,1000,0.0,1000,0.0,32,27,0.362243992551761,0.6553901162023112,0.0795866581952718,0.15999070497182424,0.5156430341582736,0.5682266115344389,0.0,0.0,0.006818186212454017,0.011880999538828577,0.03113115478765416,0.07317714580327993,44981,1.0,700.0
0.2,0.0,0.45695519682369795,2.8522504002566504e-06,3.079686924094072e-05,5.755933156925264e-05,0.05000000000000001,7.119154932824459e-18,0.0070426700205144304,5.0,0.004584062222365373,0.005707902132970263,-0.36244106303044554,0.9217438802689023,0.0037134533754693416,0.004832446516663019,0.27699390204346314,0.48162105950327816,0.2678346990553364,0.4864844340821997,0.2671545462149224,0.4870194729515098,0.26292727446404385,0.48850384019444043,4,0,0,20,0.5,20,3.0,4,2,0.014066627579419344,0.01970775688145642,0.003646776611984272,0.004830167641428227,0.33272633791274586,0.7186500223859005,0.0,0.0,0.2675110871609233,0.48675409555814847,3.079686924094073e-05,5.6956447594830484e-05,483,1.0,30.0
1.3333333333333333,0.0,0.183653053560387,1.5411369431053618e-05,8.800283792793653e-05,0.000123917799556885,0.03333333333333333,0.0,0.10723952515177025,0.75,0.011828568641327072,0.0033997156778726666,-0.36956113171140337,0.9301147173695647,0.008659113624600794,0.00206401078033906,0.15569678947493576,0.07306643821025338,0.13664389215387612,0.07548959901843408,0.13641218552407716,0.07583220010189808,0.11900673676653957,0.07665370245433362,40,0,0,30,0.016666666666666666,30,31.0,40,15,0.036690052708396204,0.0072007043068495,0.009263614908027792,0.0014981276395252421,0.07943370408071075,0.5044722471684193,0.00013262599469496012,0.0008388004403629647,0.13640139332073772,0.07576252816544528,8.800283792793653e-05,2.964395326290635e-05,487,2.0,30.0
0.01904761904761905,0.0,0.19958986660439942,5.324137424993909e-05,0.0011327879128749285,0.0018077734776151804,0.003174603174603174,4.343708946795628e-19,0.053755449683763015,52.5,0.02225472272814077,0.02556989985877512,9.39641482028176,13.959022919118546,0.015933864392039383,0.01891154436430779,0.259300291237379,0.38759327503713986,0.18386575425601148,0.36220080819176564,0.1849555744581839,0.37004357591042664,0.09829108603133063,0.21432745965458047,6,0,0,315,0.0,315,1.0,6,6,0.16100920520604836,0.196982976991858,0.022384821013079547,0.02753269404371437,1.1323497631405035,2.263829954698094,0.00028481176531510545,0.0006976434977633205,0.18472192394914622,0.36864258580523196,0.001132787912874928,0.0017932467630726126,511,2.0,400.0
0.004,0.0,0.21082019485437287,0.04819941179290469,0.23318528672761163,0.1773876566297695,0.0010000000000000005,4.338978721946687e-19,0.8577069438475361,250.0,0.8260370620294628,0.2365517738836256,-1.0751043333489045,0.35868149133928534,0.6145370778553529,0.17490049866448718,0.943640932710283,0.036349227449484114,-0.012726884669252616,0.010143003735843037,-0.018784004147374373,0.010142772321339305,-0.9430692672548077,0.04664097850158588,4,0,0,1000,0.16666666666666666,1000,0.0,4,0,1.8867101999650906,0.0812553814828455,0.4758821923735129,0.09466731720004441,0.03244613220725973,0.04799341637679989,0.0,0.0,-0.016470979920853952,0.011681983766737195,0.23318528672761152,0.09095405058068244,529,2.0,700.0
0.06060606060606061,0.0,0.7189016651244001,2.7577712969420334e-07,5.275859377348762e-07,1.0280590608634149e-06,0.015151515151515152,0.0,0.0037039351954456286,16.5,0.00029771569713420376,0.00019764255659840185,7.317035647661401,5.70855355753824,7.619331438983796e-05,5.097100042134734e-05,0.003332528825657681,0.0029944883378945635,0.00033312147218386007,0.0002457105730556987,5.7985738538676187e-05,3.9720913106415856e-05,1.1516495149679725e-06,9.222416115063944e-07,4,0,0,66,0.6666666666666666,66,0.0,4,4,0.003331377176142713,0.002993677252683197,0.0005999501009854837,0.00047278721649720944,2.543629692743241,0.7370144030984134,0.0006072874493927128,0.0012145748987854256,0.0001265170789929852,8.997045645913727e-05,5.275859377348764e-07,5.567202282086703e-07,530,0.0,50.0
0.11666666666666667,0.0,0.43507719952456453,9.482796392270569e-06,3.265630713233903e-05,5.616845162261395e-05,0.016666666666666666,0.0,0.011322684996384618,8.571428571428571,0.005391499029673014,0.0043508129837875695,0.10101208719862623,0.7326754332215986,0.004244616179934655,0.0034770768660876516,0.03923854652991376,0.03844674524266726,0.026720056382041644,0.03010155823875374,0.02590786166854353,0.029659774437978004,0.018392502394180117,0.023451622376960267,7,0,0,60,0.38095238095238093,60,5.0,7,4,0.020846044135733637,0.017835259456004594,0.004590950299938225,0.003675513055589499,0.5515831554211788,0.4369910054436624,0.0,0.0,0.026215560725442823,0.030121553433936927,3.265630713233905e-05,3.680598758670844e-05,542,2.0,60.0
0.017786561264822136,0.0,0.5059662549239898,0.002501337142346536,0.007139257250189774,0.01918534674366704,0.0019762845849802366,4.341100436355877e-19,0.013848787758247083,56.22222222222222,0.025958986851458553,0.03893863338177282,11.769980968370174,16.967475500029845,0.016247707193900424,0.02574495494886328,0.3129656203395323,0.3688513029162484,0.13275790719815458,0.3111201543115479,0.13500441229733437,0.32285460023869084,-0.05705955631083247,0.22765371854061991,9,0,0,506,0.4444444444444444,506,0.0,9,9,0.37002517665036483,0.32787053358298046,0.06222517339686843,0.060627515837772546,1.1733258862244094,3.2274479082729544,0.0,0.0,0.13438491856279955,0.32276658719961265,0.0071392572501897756,0.010877531625808592,543,1.0,500.0
0.006,0.0,0.32225777953847323,0.0015679162270464083,0.00562859482431561,0.00493611980982529,0.002000000000000001,8.682304029412048e-19,0.010660729981896232,166.66666666666666,0.04947658681796269,0.03628083057847068,46.76805895436693,53.719138029688416,0.03347381154550084,0.02519501564305332,0.727424641909101,0.3235630198035528,0.3545371474274277,0.5488174172682004,0.3540004374524332,0.5567301053412718,-0.043393316141907064,0.30253037665010124,3,0,0,500,0.3333333333333333,500,0.0,3,3,0.7708179580510081,0.028486232716335002,0.07361840636264246,0.017702756943783753,-1.5676097608837045,7.292352339040707,2.682741654661431e-06,4.646644849454998e-06,0.35349659519093785,0.5568794802682546,0.00562859482431561,0.002499269207144918,547,2.0,400.0
0.028,0.0,0.05227036496284335,0.0008035032901734053,0.015382465802399008,0.023395430278601706,0.0012706480304955532,0.007592630011764878,0.5692800912206423,35.714285714285715,0.15080719184730107,0.10171377481689099,0.42435417826151134,1.5305344887015928,0.10563318644803275,0.06914328706012428,0.4643449525110728,0.31160765540388824,0.08639927514850217,0.11555249260863035,0.0688990833927904,0.09695002226625703,-0.1172313648148832,0.1250387648947411,28,0,0,787,0.0,1000,7.0,28,23,0.581576317325956,0.23417713653309247,0.10774652674879269,0.06255316249434312,0.5282544847828066,0.6867084646849487,0.0,0.0,0.07379736683985151,0.1026432784707363,0.015382465802399008,0.02011470298769741,558,1.0,700.0
0.04365079365079365,0.0,0.5721471705871589,9.599815096222789e-05,0.0002306878267972633,0.0005521947665116594,0.003968253968253968,0.0,0.03973343841678179,22.90909090909091,0.01733440496539155,0.011471911335690962,1.4277141354474596,2.2858571927052336,0.012938897130784678,0.008603499434432843,0.28307036173738026,0.21633718339885807,0.2384728090195155,0.1913571272591688,0.23854193329532045,0.1912251906001665,0.19560480098409364,0.17145728730642118,11,0,0,252,0.7272727272727273,252,6.0,11,11,0.0874655607532866,0.04905267256413017,0.013133107822240107,0.008001889545560284,0.009475158641012338,0.4100788473086241,0.0,0.0,0.23862643234594125,0.19142934134638245,0.00023068782679726329,0.00027013336015581477,560,0.0,200.0
0.07692307692307693,0.0,0.6869742485589565,0.0005412963159449614,0.00244291649720314,0.005455444896374256,0.01098901098901099,0.0,0.062398756030071084,13.0,0.043725956060732506,0.058315861374384236,0.27017415612251866,0.6481408389227994,0.03301755116476722,0.044678618886885804,0.309177302921502,0.382927010658682,0.23576322946273015,0.31463923275402034,0.23426579179204218,0.3148448336079798,0.1641899857008299,0.2487642319853659,7,0,0,91,0.8095238095238095,91,3.0,7,5,0.14498731722067207,0.18339533124105278,0.03196571520714626,0.040718068961030314,0.30895318187345405,0.5505893532315628,0.0,0.0,0.23564421831908539,0.3159056547629928,0.002442916497203141,0.003890621741427447,569,1.0,80.0
0.007,0.0,0.07964800359868815,0.005309788928012433,0.03933627819068642,0.06696257433430435,0.0010101010101010105,0.00031782086308186424,0.7443181814623642,142.85714285714286,0.25356903849357865,0.24115792791380483,1.512602961810239,1.9408998429017184,0.17665245144323327,0.16520624228117956,0.6893928073815255,0.24456782532870114,0.19400025335933768,0.27706444889946213,0.20422016854728484,0.30655334148773167,-0.25937129282580207,0.24955816358249103,7,0,0,990,0.047619047619047616,1000,0.0,7,5,0.9487641002073275,0.07834182238526119,0.17520507599009427,0.10039606297554864,0.12458390097429119,0.6415897544945789,0.0,0.0,0.19775556288833446,0.29266382901874255,0.03933627819068641,0.04347486328579546,572,0.0,700.0
0.02,0.0,0.06520366512799503,0.011107752572036542,0.17082973197444146,0.029981022838688295,0.004000000000000001,8.691016830429778e-19,0.8522509338909203,50.0,0.7292059450958541,0.02003534087902954,-1.1957297807067429,0.03241524650783677,0.5413596358327583,0.011790027530067498,0.8306282493156163,0.06978890727826828,0.0034000711433968484,0.00782068046493368,0.008334789033276942,0.027493516035120093,-0.8048111119242358,0.03899914914729821,5,0,0,250,0.0,250,0.0,5,0,1.6354393612398526,0.06591852693891957,0.41330151157716577,0.00380665576185047,-0.03104688927214123,0.06010504627700237,0.0,0.0,0.00795423529361768,0.006227320618350565,0.17082973197444146,0.0031492721798670803,579,1.0,300.0
0.05,0.0,0.053194782664597505,0.0019894179266175187,0.03859852448122432,0.020481397047112868,0.002000000000000001,8.682304029412048e-19,1.141378914875884,20.0,0.33235500663930595,0.031005777416050186,-1.0659829466989326,0.3639659966470191,0.24378147963571362,0.028978645590659147,0.4043214220183151,0.0493396288337282,-0.0005760590941014791,0.0021911493128098387,-0.005117179656378059,0.01886334896779188,-0.3824119490129314,0.023342917779708615,25,0,0,500,0.02,500,0.0,25,1,0.7867333710312466,0.04735239908698289,0.19639160122051205,0.0054832558822764926,0.06887918231916061,0.24838382361929034,0.0,0.0,-0.003233800458520905,0.010993942945112993,0.038598524481224326,0.002076691780864773,581,1.0,400.0
0.05,0.0,0.039999414006152346,0.0015378120241849942,0.038590279932246875,0.013349962174506326,0.002000000000000001,8.682304029412048e-19,1.0893921162017024,20.0,0.340703615002454,0.012557114392565284,-1.1850198464805444,0.0903632138558177,0.2526679123774912,0.010098276121199217,0.382857995673848,0.021088377186852088,-0.00041768713837198176,0.0011326713900215424,0.0036192716809033353,0.009146106660711365,-0.37991904828012724,0.026532197982475768,25,0,0,500,0.0033333333333333335,500,0.0,25,0,0.762777043953975,0.03952876298358087,0.19643956394093334,0.0013607790901298978,-0.0022740483864867327,0.07653467267051253,0.0,0.0,-0.0004976926303246038,0.004632469042208053,0.038590279932246875,0.0005309955482407839,582,1.0,400.0
0.05,0.0,0.053884495679466606,0.002024680838882804,0.03859397447356057,0.023166684941785132,0.002000000000000001,8.682304029412048e-19,0.9506376663533158,20.0,0.3295351971467747,0.02944696217538716,-1.0638622153231727,0.2953473071632523,0.2421843185951764,0.02730828611739197,0.40985404681146953,0.04991988751655011,-0.001721100008249868,0.002059092258984148,-0.006296660115666902,0.016968725006230034,-0.3892594829980034,0.028513574109698698,25,0,0,500,0.02666666666666667,500,0.0,25,2,0.799113529809473,0.05551668324491509,0.19640194706604447,0.004592754963348008,0.07954287491838252,0.22298652803248462,0.0,0.0,-0.004797803925718296,0.010705330811102205,0.03859397447356056,0.0017595803683272736,584,1.0,500.0
0.1,0.0,0.1699446529798429,0.014465934247563764,0.09171973477120998,0.07706772038442423,0.009999999999999998,1.7434626923745965e-18,1.2376491487677217,10.0,0.5158197685592683,0.039070336830535006,-1.1222475319610445,0.16736558709661575,0.3623591366978148,0.06165339298720865,0.5954473635577886,0.059021674136273586,-0.008043042845573153,0.008994067111904881,-0.030738842893696473,0.05547050361195273,-0.5717007212432684,0.0880350985357365,10,0,0,100,0.15555555555555556,100,1.0,10,0,1.1671480848010571,0.09804048869110046,0.3024010575194807,0.01742715576684529,0.06467513395119531,0.2664382372952188,0.0,0.0,-0.012552267375004866,0.023770870835797618,0.09171973477120998,0.010428709375843394,585,1.0,70.0
0.025,0.0,0.04033726714807792,0.0014952597489870322,0.03857817136213281,0.01988016047112999,0.0010000000000000005,4.338978721946687e-19,1.2763399409957956,40.0,0.33169693154357577,0.025683198622421213,-1.0789667593318775,0.2794744620213044,0.244026019654007,0.025804033819058034,0.41269532243582113,0.045159585861962906,-0.0011776543221351256,0.002396749699389793,-0.0023581184049710118,0.016896870836751673,-0.40775954004665654,0.0224556474175945,25,0,0,1000,0.02,1000,0.0,25,1,0.8204548624824776,0.05414198503435171,0.19635131190214883,0.005034637983293156,0.034667372338633665,0.21921257831951277,0.0,0.0,-0.002145166644091293,0.01070320393771275,0.038578171362132825,0.0019093326568250543,586,1.0,700.0
0.025,0.0,0.034461293269276466,0.0013146667786791168,0.03849011648233883,0.015199694121321989,0.0010000000000000005,4.338978721946687e-19,1.0000261655925196,40.0,0.33711243410409625,0.01748105471124331,-1.1410152527281816,0.16795480352328948,0.24939537597196826,0.014082185389524415,0.4042853998126438,0.03768116193180663,-0.00028324494828963224,0.0009379771630296618,-0.0004077186556976521,0.009844716295823109,-0.397023045665087,0.02455006920622338,25,0,0,1000,0.013333333333333334,1000,0.0,25,1,0.801308445477731,0.0440414732232305,0.19618180634590324,0.0017124973227929064,0.019467165998205038,0.12842953034285243,0.0,0.0,-0.0010723210475472836,0.005941878256110206,0.03849011648233884,0.0006644919652661962,589,1.0,700.0
0.1,0.0,0.09882374222045753,0.008933005575135078,0.09198070169867881,0.046391014294672676,0.009999999999999998,1.7434626923745965e-18,1.152974145891871,10.0,0.512999204863245,0.027327037855021778,-1.1614830236759217,0.1463265507962779,0.37641128701489485,0.040436096211000506,0.5790182712493956,0.04726968233148814,0.0020139968444991075,0.006168530785719902,0.010285486805683556,0.033475799348759654,-0.5893665685451176,0.057935376315627694,10,0,0,100,0.022222222222222223,100,0.0,10,0,1.1683848397945134,0.08961253284730888,0.30318197926019597,0.008258944682981564,-0.045926392182739716,0.1337879872013463,0.0,0.0,0.005795010784458253,0.0133176986325247,0.0919807016986788,0.004922171118950424,591,1.0,70.0
0.025,0.0,0.04699578236643404,0.0017513515386794606,0.0385780045068338,0.02253184012489267,0.0010000000000000005,4.338978721946687e-19,1.0188133505150958,40.0,0.33145743950763296,0.03009042228808489,-1.0467256894476982,0.3072506638674459,0.2434278522824752,0.02895425122389473,0.4276715796297659,0.043480265181805804,-0.001211656295778989,0.002643591157550051,-0.005114033694777745,0.01836729366432757,-0.41483149698719984,0.03788193311441046,25,0,0,1000,0.02666666666666667,1000,0.0,25,1,0.8425030766169656,0.04597797479294941,0.19635187655100822,0.0049942760706883915,0.07166296714966726,0.2420485836070563,0.0,0.0,-0.0040287195158902585,0.011845612789292219,0.0385780045068338,0.0019007166375727665,592,1.0,700.0
0.01,0.0,0.05235858244258709,0.004620634757543631,0.09120003693476125,0.03944732453693501,0.0010000000000000005,4.338978721946687e-19,0.675392835676532,100.0,0.5328300547655773,0.026773314867470397,-1.1657386953536362,0.06345412775433716,0.3944817022956874,0.017877215484732777,0.6538524814183686,0.04087978379064247,-0.00042677515768267785,0.0017822209055800404,0.004061413018677608,0.007710464464492983,-0.6720520526159539,0.06750511959273979,10,0,0,1000,0.022222222222222223,1000,0.0,10,0,1.3259045340343225,0.08232102243128889,0.30194196873070467,0.005876927937796249,-0.014593915889752973,0.03723669019705253,0.0,0.0,0.0007157171198704108,0.0028823546118743352,0.0912000369347613,0.0034979178425817922,593,1.0,700.0
0.05,0.0,0.2654671538454566,0.04141836110059924,0.16489120050298206,0.13885753903567738,0.009999999999999998,1.7434626923745965e-18,0.36152979453853207,20.0,0.6764802478105851,0.08317227047210414,-1.135444010860549,0.16455591264220332,0.5048533268976445,0.09077608482471843,0.7609647910332045,0.08863681589766226,-0.0189276129858631,0.01395275371154212,-0.04031299013560356,0.06443151191595783,-0.7681864474754492,0.04796095072486981,5,0,0,100,0.30000000000000004,100,0.0,5,0,1.5291512385086536,0.1002719349521257,0.4055289438594693,0.023384722448785485,0.07538874757363764,0.27426422243688087,0.0,0.0,-0.02413693405534864,0.03564097186526653,0.16489120050298203,0.019116221337864482,594,1.0,70.0
0.01,0.0,0.024730321504454325,0.002268166837652069,0.09180070157816016,0.008907168374985872,0.0010000000000000005,4.338978721946687e-19,0.7198215245664992,100.0,0.5328098952117265,0.010083056651055732,-1.184009451380354,0.0437279942068856,0.39470631153938557,0.007118042850057232,0.6489069429887101,0.02546514316224476,0.000325792623375047,0.0011988795772526534,0.005893671383867394,0.00806684366186526,-0.6709907430483603,0.05773018985020739,10,0,0,1000,0.0,1000,0.0,10,0,1.3198976860370704,0.07109442826282482,0.30298206676329326,0.0016894436965721724,-0.02915910775300424,0.049747900537768196,0.0,0.0,0.002455251046697792,0.004577464317828298,0.09180070157816018,0.0010250627375436763,595,1.0,700.0
0.02,0.0,0.27711257579116194,0.04383051188534044,0.1632505392309259,0.14358157204059188,0.004000000000000001,8.691016830429778e-19,0.35546228249588124,50.0,0.7007668356129947,0.019592715795993105,-1.1968034165303099,0.11656682773588006,0.5159152903291088,0.039432686284624194,0.817325096784138,0.058674073454814964,-0.0049657125274003835,0.00433080438142197,-0.016052708304190626,0.0522509031767106,-0.8046448831828681,0.13139597520644736,5,0,0,250,0.30000000000000004,250,0.0,5,0,1.621969979967006,0.17965861141162962,0.4038213565585099,0.01495205747424957,0.05244554221561112,0.16846050724900855,0.0,0.0,-0.0112401494457212,0.02026241576748617,0.1632505392309259,0.01216070629806603,596,1.0,300.0
0.01,0.0,0.2648667254263812,0.040994512231168935,0.1641957494477322,0.13767629040844162,0.002000000000000001,8.682304029412048e-19,0.2636111110233633,100.0,0.7108320680977277,0.0347010340098797,-1.1958262287894215,0.08487342245730387,0.5148638716859659,0.041672243918403976,0.8230362819027089,0.08058780063105915,-0.01359530153450215,0.008227739812366096,-0.01931119259017957,0.033372173869106805,-0.8499582120390855,0.08474041402527721,5,0,0,500,0.30000000000000004,500,0.0,5,0,1.6729944939417944,0.13534541495645688,0.40465003203823524,0.02382490868784735,0.0267515486118425,0.1763306471059476,0.0,0.0,-0.016362222301555672,0.021513193097249503,0.16419574944773224,0.0193401219581292,597,1.0,500.0
0.025,0.0,0.02540222225979862,0.0009793240660593938,0.03856466809325178,0.006269055070681859,0.0010000000000000005,4.338978721946687e-19,1.253133333618289,40.0,0.34201355438902703,0.007681942274382969,-1.1901333723867336,0.03449889368295367,0.253422216929428,0.005626454042486756,0.40104274978209903,0.022114440157729273,0.00011298225050000608,0.0005026499130547828,-0.0002901863107346527,0.005846729179280777,-0.3953515735975875,0.020287874204077218,25,0,0,1000,0.0,1000,0.0,25,0,0.7963943233796864,0.029434650565127195,0.196378108673723,0.0005650654305951648,0.0011202282145431671,0.039137588373976885,0.0,0.0,0.00014326679440797242,0.00235859853062735,0.03856466809325177,0.0002218642884951072,598,1.0,700.0
0.005,0.0,0.2515752350521313,0.038547376512782464,0.16307233643911215,0.1347120498826613,0.0010000000000000005,4.338978721946687e-19,0.3801445791306017,200.0,0.7096921885977215,0.05620413951485058,-1.159718997545916,0.1148012204298883,0.5113579668601445,0.05576820887230259,0.8241286567827804,0.06792038496594646,-0.010978473974885607,0.0058413486864898195,-0.01829558844419819,0.04167837167953447,-0.8600877063423749,0.11032147484491207,5,0,0,1000,0.30000000000000004,1000,0.0,5,0,1.6842163631251552,0.15757659500079885,0.40324666078388044,0.0240953057088447,0.04234638757774126,0.16127600724390098,0.0,0.0,-0.015333601508878284,0.016777244865976412,0.16307233643911212,0.019550476137553185,599,1.0,700.0
0.02,0.0,0.1535337933828178,0.024481201174602847,0.16664983955261753,0.10597948737464273,0.004000000000000001,8.691016830429778e-19,0.5717621424057853,50.0,0.7072604561914992,0.05082872848290026,-1.2061763788459097,0.09745401708596124,0.5353741314076099,0.030150243691085477,0.8006302395325144,0.07710294048698382,-0.0030703010921461753,0.008272949688862288,0.008424250237885655,0.0342886172668315,-0.7933319592850192,0.09699043613606781,5,0,0,250,0.1,250,0.0,5,0,1.5939621988175336,0.16870315667370891,0.4080384241296387,0.013896221897453199,-0.04676535184046213,0.07299115178099566,0.0,0.0,0.001905283876770263,0.014830188755813099,0.16664983955261753,0.011278309922955762,601,1.0,300.0
0.04,0.0,0.15152630065497338,0.012685332089341663,0.09154704424888448,0.07416968345082918,0.004000000000000001,8.691016830429778e-19,0.7648455362057868,25.0,0.5089855616828534,0.045143668217174804,-1.0260099984724402,0.2068287800996845,0.36870637414778284,0.057057440520908574,0.6316832192762892,0.051891372360801415,-0.00715823999404297,0.010218299193873143,-0.016232023425186277,0.039855693581804796,-0.6326745150589682,0.0744355105744093,10,0,0,250,0.15555555555555556,250,0.0,10,0,1.2643577343352574,0.1094668707917061,0.3020035815665695,0.019461670872908995,0.06566453101063607,0.2612661167046434,0.0,0.0,-0.01118582066994091,0.025667802234383065,0.09154704424888449,0.011367046220933735,602,1.0,300.0
0.02,0.0,0.1767690237030159,0.015018380360316962,0.09098963179652912,0.08034331139953838,0.002000000000000001,8.682304029412048e-19,0.8224413605681786,50.0,0.5016451372593438,0.06593184286370336,-0.9670299362679078,0.2945909046219634,0.36213373273903515,0.06486752344535475,0.6630126835009664,0.07371034712809746,-0.009066716506844295,0.00738604937029258,-0.02205631741440364,0.04468570913068693,-0.6450872016233365,0.10597512673749412,10,0,0,500,0.13333333333333333,500,0.0,10,0,1.3080998851243029,0.1419072513361064,0.3009929764560349,0.020892846214963724,0.14671412757311644,0.3079598905677123,0.0,0.0,-0.01790905664425447,0.026127002242343187,0.0909896317965291,0.012215264814290885,604,1.0,400.0
0.1,0.0,0.05988459715514016,0.0022990765938470468,0.038660964975337365,0.018873281459940102,0.004000000000000001,8.691016830429778e-19,1.0876190711495735,10.0,0.33710747026285043,0.026370041821971175,-1.157817871058105,0.18705290100287558,0.24876468412020483,0.020380336708851313,0.3809437196454288,0.0302453075387474,-0.0007541714866725062,0.0017338458633942954,0.00021490972373859883,0.01768401077869937,-0.3750882745388515,0.027179161722536264,25,0,0,250,0.013333333333333334,250,0.0,25,1,0.7560319941842805,0.035174460353255096,0.1966094965857836,0.0024304551232973257,0.028240730333594328,0.1602020712591823,0.0,0.0,-0.0020317490861634976,0.00849083833314094,0.038660964975337365,0.0009448194846523027,605,1.0,300.0
0.01,0.0,0.06945226884794363,0.005964922217584993,0.0908546777783326,0.05118233301098941,0.0010000000000000005,4.338978721946687e-19,1.0215303787156205,100.0,0.516270011157051,0.03771222040792727,-1.0808805296694877,0.14790070637848254,0.37883171798792425,0.03391364127538644,0.6901269008968031,0.05977391610559603,-0.0037734436178898044,0.005050453725937341,-0.008836824522794757,0.020626019195348157,-0.6733712254044446,0.07067945800689901,10,0,0,1000,0.06666666666666667,1000,0.0,10,0,1.3634981263012476,0.08916689212859301,0.3012918554843882,0.009303260904238875,0.04830685104524103,0.15326628888468394,0.0,0.0,-0.007122903933816314,0.014314832573686103,0.09085467777833259,0.005524232636350538,606,1.0,700.0
0.01,0.0,0.13195795787257555,0.010718625159444368,0.09123121630811619,0.06986507136433084,0.0010000000000000005,4.338978721946687e-19,0.6676663803773633,100.0,0.5129481236301704,0.0590504570615844,-1.0390985000696376,0.20118175593574703,0.3725029199692977,0.06123252909450128,0.6964205527201166,0.0839933871263765,-0.008518403277064013,0.010192674310781503,-0.021740300892692167,0.037987268057622904,-0.6742328568889169,0.10344231897299247,10,0,0,1000,0.13333333333333333,1000,0.0,10,0,1.3706534096090337,0.17359392267484305,0.30137245893252984,0.021235643649215395,0.1099278023881326,0.2619659378366028,0.0,0.0,-0.015758282297644914,0.025232879589648833,0.0912312163081162,0.012390806618118672,608,1.0,700.0
0.005,0.0,0.04149284126457599,0.0070733958273624595,0.17056532111013162,0.019706796827925945,0.0010000000000000005,4.338978721946687e-19,0.3167213287868957,200.0,0.7377180111657098,0.015417175997395767,-1.1965641678381043,0.03727340711550618,0.5477427837452222,0.010968258702192115,0.9044430437139743,0.03655966478172569,-0.00014496859397523874,0.003239673943035798,0.0004567000180998369,0.016520593424738203,-0.8479994796630381,0.05401120225506029,5,0,0,1000,0.0,1000,0.0,5,0,1.7524425233770125,0.0749581047851249,0.4129828060320004,0.003626815418993566,0.028248258549249665,0.038098397301644965,0.0,0.0,-0.0038219586592194836,0.0071995064835937,0.17056532111013162,0.002999767897124434,609,1.0,700.0
0.05,0.0,0.5011860044052528,0.07915793704346885,0.16421971436391058,0.19477479746798476,0.009999999999999998,1.7434626923745965e-18,0.3955975960927536,20.0,0.7373365037277964,0.10282644029592768,-1.2314620405111438,0.14477551309776449,0.4812539741607199,0.12896603845857518,0.7229517189074367,0.11128546665484086,-0.02777254061452039,0.022557536518307785,-0.06938352452082062,0.09551058269117456,-0.7293249492067527,0.07216876180175964,5,0,0,100,0.5,100,0.0,5,0,1.4522766681141897,0.16604711861767235,0.4041276744550532,0.03355102650182781,0.20430194798049203,0.30629690479221505,0.0,0.0,-0.050192479754694694,0.04865213530687154,0.16421971436391058,0.02728603272376376,611,1.0,80.0
0.005,0.0,0.1549117830019976,0.024403390823880402,0.16693048505086372,0.1042190680523433,0.0010000000000000005,4.338978721946687e-19,0.26966541946667555,200.0,0.7193673185708263,0.039383191102429084,-1.1694917475763582,0.07889650932181423,0.5366207350127732,0.03186811913087021,0.8451436852151086,0.09714057959605386,-0.005810273417766902,0.005467500586612658,-0.005608614390165543,0.009465056268840396,-0.8739115035299232,0.10080124433940384,5,0,0,1000,0.1,1000,0.0,5,0,1.7190551887450318,0.19611266087138182,0.40828475401609515,0.017104264412731246,-0.02558254309991017,0.014142688095937335,0.0,0.0,-0.0030152994498948683,0.0042112813434498665,0.1669304850508638,0.013837448859178623,612,1.0,700.0
0.02,0.0,0.49090923484100646,0.07673514427342894,0.1612858425777866,0.1930285573102852,0.004000000000000001,8.691016830429778e-19,0.1893079405487249,50.0,0.6998235340483472,0.06311527382208007,-1.1740999924415516,0.0861287526590128,0.4828400757832011,0.08262747269722555,0.7783938549102101,0.085434894008192,-0.028397898567401648,0.015131256546625775,-0.06354791792099101,0.06937168786285691,-0.795061499337454,0.10216018715685046,5,0,0,250,0.5,250,0.0,5,0,1.5734553542476641,0.17373805584328159,0.4008670841905514,0.027189689919895763,0.13905852012237468,0.2166158351042557,0.0,0.0,-0.042600774857989486,0.0343503973990975,0.16128584257778664,0.02149899984167553,613,1.0,200.0
0.1,0.0,0.054208541820457985,0.002092600725591586,0.03863534081837694,0.016055357171539168,0.004000000000000001,8.691016830429778e-19,1.0715327231530054,10.0,0.34454913067872034,0.012914344150840395,-1.2070916732504506,0.07855155312309497,0.2549634744138223,0.011557479547643357,0.3832304816805291,0.030101178885079412,0.00016462807023547382,0.0013080414903920898,-0.0038951004371745473,0.014859842309709874,-0.3672369623834896,0.030824099130303446,25,0,0,250,0.0033333333333333335,250,0.0,25,0,0.7504674440640189,0.03977623569476299,0.19655663144971702,0.0009306424287848596,0.024535567955431593,0.09031766036043215,0.0,0.0,-0.0008750591121570052,0.005273509558074917,0.03863534081837694,0.0003658006072245318,614,1.0,200.0
0.04,0.0,0.16876587817529093,0.014431645452551304,0.09166819650818721,0.08121055993348922,0.004000000000000001,8.691016830429778e-19,0.44542845629649197,25.0,0.5040254370682203,0.05816932744628054,-0.9674828676832676,0.22329059396128353,0.3570779134424085,0.06531371733921157,0.6855809531153365,0.06939327460800282,-0.009491759994239611,0.009114584624380617,-0.029765636646371895,0.04909043396770539,-0.6275475635701562,0.08297308014765603,10,0,0,250,0.15555555555555556,250,0.0,10,0,1.3131285166854927,0.14691932145339628,0.30212049416611514,0.020854083346742002,0.16251845236062487,0.29644663370626345,0.0,0.0,-0.01972823841496867,0.02916721028184514,0.09166819650818721,0.012242598143834098,615,1.0,300.0
0.01,0.0,0.48803736679568405,0.07417677182747848,0.1604487791084499,0.19024181247473476,0.002000000000000001,8.682304029412048e-19,0.3330345959327221,100.0,0.7041385650278116,0.09062899669425321,-1.1679299583782556,0.13392243068874207,0.4823900935750974,0.1101237137983249,0.7896450494693319,0.07777121348572809,-0.031163263005488384,0.014185988102720822,-0.05686774354804129,0.08199056887221978,-0.8159257242525211,0.05916323195734453,5,0,0,500,0.6000000000000001,500,0.0,5,0,1.605570773721853,0.12146376636244886,0.39913846646133966,0.037703840973766146,0.12490722309385908,0.3017714179199322,0.0,0.0,-0.04435023613317116,0.04354129945488101,0.16044877910844998,0.030387691327508286,617,1.0,500.0
0.025,0.0,0.03027716949342724,0.0011618152337383534,0.03850822730661229,0.012289702894640998,0.0010000000000000005,4.338978721946687e-19,0.817337790965904,40.0,0.3409574231494922,0.009856467016631442,-1.1748901956123228,0.05918826519437295,0.2529708611906354,0.0072617846026264326,0.40763423592119025,0.029472488480279484,-1.51237589746244e-05,0.0006398438182777669,-5.038807441349807e-05,0.006476344683302331,-0.4037423801097653,0.021637229191684877,25,0,0,1000,0.0033333333333333335,1000,0.0,25,0,0.8113766160309558,0.03075707933683058,0.1962332081931448,0.0008870062230733479,0.0070304830324398075,0.043597887360052226,0.0,0.0,-0.00042550341564325135,0.002542808300685639,0.0385082273066123,0.00034646239009410845,620,1.0,700.0
0.1,0.0,0.07675350738911642,0.00709977363677587,0.09259579187202095,0.026666599285004762,0.009999999999999998,1.7434626923745965e-18,1.3030097987131173,10.0,0.5349877782925467,0.020337865100087983,-1.222182264941524,0.1160466655039016,0.3877409877633106,0.021934531544899674,0.5601050135567223,0.07991117634297619,-0.0009738912269481569,0.006445298519387841,0.01693541947498513,0.03166892790893943,-0.5845678627510054,0.06191102839711139,10,0,0,100,0.0,100,1.0,10,0,1.1446728763077276,0.08460112285935636,0.30426905691772566,0.004233841756705178,-0.07581376564624681,0.15477560721763528,0.0,0.0,0.005591116821813445,0.01254632961089139,0.09259579187202091,0.00258237170696731,621,2.0,80.0
0.01,0.0,0.15929160164826112,0.013499995965054029,0.09091591405385292,0.0801586158660256,0.0010000000000000005,4.338978721946687e-19,0.7728973300091799,100.0,0.5063206656455148,0.06236382087246051,-0.9828240751375352,0.24712099424280243,0.36342153588526077,0.06549046060454626,0.6856261736571432,0.0723469066147403,-0.009453773212508221,0.00807333141558866,-0.026299498704817063,0.03899029472002349,-0.6832316370884103,0.11041405646018333,10,0,0,1000,0.15555555555555556,1000,0.0,10,0,1.3688578107455533,0.16701336172992803,0.30096708231105435,0.019285268385306278,0.16718942994435207,0.2940538605845661,0.0,0.0,-0.02094122225930827,0.02574913140887525,0.09091591405385295,0.011294522583326645,623,1.0,700.0
0.05,0.0,0.050592005402663155,0.008740945808483062,0.17197924680052962,0.02675632128718005,0.009999999999999998,1.7434626923745965e-18,0.3063616465379638,20.0,0.7186784516915956,0.06731860792203403,-1.2544329648230548,0.06379852220670404,0.5331687807379211,0.038179432528456514,0.7735208281457997,0.07650439878275014,0.004291806408657506,0.006345112348551279,-0.0010826469847934187,0.05370501659275405,-0.7743538977482685,0.046960065431303426,5,0,0,100,0.0,100,0.0,5,0,1.5478747258940682,0.08653383505308763,0.41447278260635123,0.01547414291156309,0.005062757635293532,0.1278011479868677,0.0,0.0,0.002979651390551503,0.019034331102563622,0.17197924680052962,0.012813947794876383,624,1.0,70.0
0.25,0.0,0.09405481472389428,0.003618152749840667,0.03880220947762051,0.027753164817323955,0.009999999999999998,1.7434626923745965e-18,1.1373340813327928,4.0,0.3324255698294511,0.036395801047558074,-1.0776013807573936,0.3695629980995513,0.24273319048228015,0.031298236611023315,0.3913405063480446,0.06511190150699528,-0.0009383685907840991,0.0025299789653587183,-0.007630334431833224,0.024704280701470308,-0.3477925222544645,0.03852887666827592,25,0,0,100,0.016666666666666666,100,0.0,25,3,0.7391330286025091,0.06510814240256661,0.19695132567214227,0.0035917720797932185,0.11007279607232333,0.2720522233092481,0.0,0.0,-0.00526164831554026,0.01277661670803418,0.038802209477620496,0.0013905790463721113,625,1.0,80.0
0.02,0.0,0.07755688776038006,0.006659176728023402,0.09113647503444448,0.051905133043221946,0.002000000000000001,8.682304029412048e-19,0.6659693457973174,50.0,0.5177063748188087,0.044851488736341795,-1.098913209600938,0.20883431942461503,0.38299219050629213,0.03928743795837814,0.6687701040519313,0.07911678650609714,-0.004629713293587636,0.005026709303571523,-0.00954148183608532,0.02356895757606049,-0.6305851995156918,0.046367223152828284,10,0,0,500,0.08888888888888889,500,0.0,10,0,1.2993553035676233,0.08948916638322855,0.30172812824944834,0.010360805284496677,0.057205839803876245,0.1732873821690332,0.0,0.0,-0.008271989782681082,0.013711642349631698,0.09113647503444451,0.00616046166611195,627,1.0,500.0
0.005,0.0,0.48443269787681337,0.07502449871736012,0.16084742214126735,0.19025945265451769,0.0010000000000000005,4.338978721946687e-19,0.1801020252070095,200.0,0.7069255749187416,0.0642055096674934,-1.1955951823141797,0.10631667431443971,0.4867400180365097,0.09508580119645452,0.8019031091834578,0.06965750577350895,-0.029781405040191056,0.013926289173503225,-0.051899658078158974,0.09004127216278618,-0.8632554341038645,0.10141350660811312,5,0,0,1000,0.6000000000000001,1000,0.0,5,0,1.6651585432873222,0.090483933716489,0.4001820116645079,0.029617977678578978,0.12366940596695428,0.24152072411273007,0.0,0.0,-0.04302775136551541,0.03809926102895465,0.16084742214126735,0.023606901232665498,628,1.0,700.0
0.25,0.0,0.08223953585051054,0.003193896498909277,0.0388281619812808,0.021852568377899454,0.009999999999999998,1.7434626923745965e-18,1.180771079934705,4.0,0.33569292788356014,0.015022822309424082,-1.1686597335630184,0.07724040933608037,0.24818990967575386,0.012323709846039206,0.3660027445734937,0.035638338873339455,0.000565923217117255,0.002242622865975854,0.002690546395395292,0.017288792906592593,-0.36865763595099105,0.02877823950402517,25,0,0,100,0.0033333333333333335,100,1.0,25,0,0.7346603805244846,0.044078974767477186,0.19703440733665845,0.002416158015267788,-0.03751708485510676,0.13647525691587623,0.0,0.0,0.002331544675556389,0.00855926905288379,0.0388281619812808,0.0009546528322946677,629,1.0,80.0
0.01,0.0,0.1417493295166688,0.022422464552809492,0.16642210216751133,0.10409446773853044,0.002000000000000001,8.682304029412048e-19,0.3404574956349537,100.0,0.727337352882692,0.03287214223269224,-1.2064235980518716,0.08601830281116639,0.5321452697257829,0.025858847227223123,0.7821952991241037,0.08443852253619741,-0.006149583590770023,0.005444223469133267,0.01050930147631965,0.029006235953525666,-0.8443394659204644,0.09498754748520592,5,0,0,500,0.1,500,0.0,5,0,1.6265347650445683,0.1642649772021721,0.4077607879811346,0.013840247130904062,-0.04141026126095149,0.06849709832364219,0.0,0.0,-0.0019374670000156962,0.004823800367518632,0.16642210216751138,0.01117891664808849,631,1.0,400.0
0.05,0.0,0.037382247198647384,0.0014436752581760525,0.03861540603012613,0.009016354806805292,0.002000000000000001,8.682304029412048e-19,1.402941697032549,20.0,0.33875341837775197,0.010875986176740982,-1.1782787343264953,0.061584066760513374,0.2506848402478487,0.007730343012937332,0.38826694115370924,0.021442738255203913,-4.710606502074539e-05,0.0007039324309811484,-0.002128531560879075,0.009016666731615695,-0.3896670986317126,0.02952564296558085,25,0,0,500,0.0,500,0.0,25,0,0.777934039785422,0.03726517401878036,0.19650674296055992,0.0007260058816370309,0.018681416382018277,0.06135788489522834,0.0,0.0,-0.0011223379682117416,0.0032894062303790088,0.038615406030126136,0.0002851293309828728,633,1.0,500.0
0.1,0.0,0.13441445579631284,0.011985328495247952,0.09227529191582945,0.05649356533228836,0.009999999999999998,1.7434626923745965e-18,0.7923786151346073,10.0,0.5079345306851566,0.07168735541815888,-1.0927793050610681,0.29744856518941415,0.3792348460675729,0.05621393927042657,0.6102305544393491,0.08608382547304345,-0.005105724159906666,0.00804940907625643,-0.015599079836430274,0.0404191624394956,-0.5537081884842011,0.04875639787542673,10,0,0,100,0.044444444444444446,100,0.0,10,1,1.1639387429235502,0.08018066494893519,0.303487791275744,0.013761962973672767,0.10745459246827686,0.24126449071983966,0.0,0.0,-0.011218843787818535,0.018482743061668812,0.09227529191582942,0.008218780983608004,634,1.0,70.0
0.04,0.0,0.051863923445569615,0.0047689189887043315,0.09189837077656768,0.019881878002419997,0.004000000000000001,8.691016830429778e-19,0.7155634325289758,25.0,0.5228645632843947,0.023254235149726386,-1.166558637440242,0.07724269067161851,0.38608996785165306,0.0175018806069509,0.609353037782012,0.0546865058458099,-0.00021532182955551234,0.0029915525853309866,0.003488470320367603,0.023743711329379323,-0.609814740926962,0.06748134274301662,10,0,0,250,0.0,250,0.0,10,0,1.219167778708974,0.08783480898989166,0.30313339393699723,0.0030761189120394536,-0.01383283399259166,0.08243906074627594,0.0,0.0,0.0005275083011803074,0.00822104727065206,0.09189837077656768,0.0018631642880767407,635,1.0,300.0
0.25,0.0,0.09261891311431535,0.0035561983860076295,0.03895086363884784,0.026948831795477544,0.009999999999999998,1.7434626923745965e-18,1.1966052081018679,4.0,0.32808948699689466,0.029227011863645937,-1.1205529319727323,0.22348400068247531,0.24360682575263823,0.02480518869525044,0.37299948017916906,0.03466517416991245,-0.0009255136364240081,0.0032772178545828375,-0.00466876022626405,0.025741943876826476,-0.3608691428851492,0.04684020752143269,25,0,0,100,0.023333333333333334,100,0.0,25,0,0.7338686230643183,0.04266500950762815,0.19730831615926647,0.004597555197554752,0.09045385289023472,0.24409830566285784,0.0,0.0,-0.005536709838676174,0.013407897484229424,0.03895086363884783,0.0017801153884525387,639,1.0,80.0
0.1,0.0,0.2104711530702888,0.018171906274994695,0.09174896037744795,0.08759084720641291,0.009999999999999998,1.7434626923745965e-18,0.9058568888715537,10.0,0.5086422450219666,0.06170392958470276,-1.0821271589530541,0.1919477929551548,0.36994712395491913,0.04949692540915204,0.5996541134861982,0.08115025254211033,-0.0028009874864151716,0.007454929457982843,-0.0011221546949706993,0.0442464306066845,-0.572819397558015,0.09015429934950667,10,0,0,100,0.2,100,0.0,10,0,1.1724735110442133,0.12201341897771675,0.30226429047786,0.020689747309657825,0.08150885320191677,0.28669765792933827,0.0,0.0,-0.00927880805624463,0.02516364554065527,0.09174896037744792,0.012330008028437004,640,1.0,70.0
0.02,0.0,0.06173312097331728,0.005507897959710744,0.09109837414747403,0.042493913029299446,0.002000000000000001,8.682304029412048e-19,0.7215432239942017,50.0,0.5261725578876438,0.018856703519666132,-1.1687925152885605,0.06033134989750388,0.39130829503987347,0.014967881823984902,0.6304465152009181,0.06016940515917837,-0.0009843192722400196,0.002109728982067946,-0.0028645596729584347,0.014935554432961871,-0.6314511613571507,0.0425213380835888,10,0,0,500,0.022222222222222223,500,0.0,10,0,1.261897676558069,0.0829390533652299,0.301787262419825,0.005035693554981173,-0.021427552723027786,0.038987993881754494,0.0,0.0,0.0012498006415436872,0.0040719318055510555,0.09109837414747404,0.0030122780640918544,641,1.0,500.0
0.05,0.0,0.0406321498877898,0.0015532197912252468,0.038576814620398456,0.016207867000171662,0.002000000000000001,8.682304029412048e-19,1.0808648338384166,20.0,0.3357330922147564,0.01601676579749409,-1.1266598866684605,0.192824494100342,0.24873921329184223,0.016182468989736902,0.40437099311286095,0.04565562061551201,-0.00044176452082121583,0.0014549867716046419,-0.0032901217681640354,0.011887152479105796,-0.3913937415474591,0.027323730729151507,25,0,0,500,0.013333333333333334,500,0.0,25,1,0.7957647346603199,0.043527806938547534,0.1963974430966532,0.002249760518581284,0.02065846908758666,0.15348717254193966,0.0,0.0,-0.0012283309336454946,0.0074264547860538,0.03857681462039846,0.0008730490234044089,643,1.0,400.0
0.1,0.0,0.0699273834551904,0.0026411114551201714,0.03866849774774863,0.02458371148441796,0.004000000000000001,8.691016830429778e-19,0.9637189055048979,10.0,0.33054170719081744,0.029545703218371504,-1.06614618314772,0.32382224265194365,0.24629871604132905,0.022714615172192695,0.40727222458871276,0.04138044166615103,-0.0006705431885852865,0.00220250656089092,-0.0060191223258555535,0.015634475649572196,-0.378340659818535,0.027261784426749206,25,0,0,250,0.02666666666666667,250,0.0,25,1,0.7856128844072479,0.04695527178722183,0.19657320869922518,0.005349393407932029,0.0892788028105725,0.21181312181241818,0.0,0.0,-0.004139941550430555,0.009540415628432818,0.03866849774774864,0.002035806261021101,644,1.0,200.0
0.02,0.0,0.1332649524226053,0.010974530706341176,0.0914831662094654,0.07194111444885677,0.002000000000000001,8.682304029412048e-19,0.9577234040811866,50.0,0.5107166612847988,0.048548262491031335,-1.0457552009888191,0.1457007195694817,0.3663009297861479,0.0553263147374044,0.6826390921324645,0.08236196614050457,-0.005124568445719517,0.009279495366332208,-0.01451725075194174,0.04384698639993449,-0.6655871989796,0.1129487382343383,10,0,0,500,0.15555555555555556,500,0.0,10,0,1.3482262911120644,0.17797930922507454,0.3019215409270347,0.019048165082531796,0.06297793872539467,0.24948009429389553,0.0,0.0,-0.0088443145992227,0.02567583434914282,0.0914831662094654,0.011168121304168157,646,1.0,400.0
0.04,0.0,0.09773801388346175,0.008757263550641716,0.09152237008906086,0.04818694068375756,0.004000000000000001,8.691016830429778e-19,0.663456842992062,25.0,0.5314567407648129,0.022768253934557503,-1.2002236913590305,0.07284542128675509,0.38874629361200724,0.01697983803069241,0.5911625050512125,0.07771201234934687,-0.0025159001743110037,0.003616147237778043,0.0013898701220585459,0.03018064623181204,-0.613700140265253,0.046409019735747715,10,0,0,250,0.044444444444444446,250,0.0,10,0,1.2048626453164655,0.08945517484337863,0.30246525701645643,0.006423774161474016,-0.011116642805875149,0.10698662037805128,0.0,0.0,-0.002030627608804057,0.011048428466059513,0.09152237008906089,0.003842216077878631,647,1.0,300.0
0.01,0.0,0.04153104450925155,0.007102794738729235,0.17138090607251627,0.017918650008162253,0.002000000000000001,8.682304029412048e-19,0.18212356547564454,100.0,0.7617307480600194,0.027892947323896366,-1.2543435546202393,0.03979078297806711,0.5604267268583277,0.01700280318329424,0.8308876637984343,0.05307170363804011,-0.0017615173699458298,0.003859576314554539,0.002633188497889095,0.029615042018521043,-0.8335727869139452,0.03418178104802742,5,0,0,500,0.0,500,0.0,5,0,1.6644604507123795,0.08189776439406318,0.41397035018171396,0.003437885059417227,-0.0065358130482418035,0.07702707100616946,0.0,0.0,-0.001564142720211174,0.012368755737066526,0.1713809060725163,0.0028500640019320186,649,1.0,500.0
0.25,0.0,0.07726128451868862,0.003007839356692922,0.03890291264629544,0.019009954146000003,0.009999999999999998,1.7434626923745965e-18,1.1527466150202932,4.0,0.33105372750899376,0.020231304060476244,-1.188620514953569,0.09114332447301471,0.24883878038108861,0.017261859551012813,0.348095195352549,0.024225512510810183,-7.550782419069571e-05,0.0018321313811916588,-0.00019218815176289905,0.01927857456902654,-0.36585387097258304,0.022331332495894918,25,0,0,100,0.0,100,0.0,25,0,0.7139490663251321,0.030338281521096508,0.1972275544439538,0.0020927489777873742,-0.021132315741529933,0.1288971865718485,0.0,0.0,0.0007499774367550244,0.007127056753076956,0.03890291264629543,0.0008251199053514207,651,2.0,70.0
0.1,0.0,0.055762509291024914,0.0021594192643248776,0.03871243350150312,0.012874421574284929,0.004000000000000001,8.691016830429778e-19,1.1404370883071766,10.0,0.34330441032996034,0.013539711395283758,-1.2211257215948952,0.07119411336052346,0.2542171182552106,0.012096407910819918,0.3761755014756025,0.036700019801432116,0.00021165773780525157,0.0010827358325279138,0.0014480551069452417,0.013411496827170443,-0.36526124271511884,0.02663059606117193,25,0,0,250,0.0,250,0.0,25,0,0.7414367441907214,0.04181222191925451,0.19675184044326685,0.0010929621878951771,-0.007021256152203552,0.10756966938084338,0.0,0.0,0.0006087425309963215,0.006411962541021952,0.03871243350150313,0.00043035546992902646,653,1.0,300.0
0.02,0.0,0.0391075808536892,0.0035850725260599303,0.09162130699655849,0.013715304418718544,0.002000000000000001,8.682304029412048e-19,0.7311632757359912,50.0,0.5278080095135191,0.011072184586410535,-1.1700917749792183,0.05016972034918114,0.3916833261502565,0.009545236889933395,0.6143683866886153,0.024959843028042286,0.0010368107341717306,0.002504848250103173,0.008097345390664566,0.008142885941869698,-0.6301758885189719,0.04249657700401476,10,0,0,500,0.0,500,0.0,10,0,1.2445442752075873,0.05178164670175863,0.30268027630263317,0.0025727922402113837,-0.028132058868770876,0.032232724838801456,0.0,0.0,0.0027521152603574013,0.004312105195170652,0.09162130699655849,0.0015578217643573463,654,1.0,400.0
0.25,0.0,0.08291045863602327,0.0032073600999246365,0.03884035511562679,0.023229102269490192,0.009999999999999998,1.7434626923745965e-18,1.3963451688081923,4.0,0.3384591417857806,0.02121514485021783,-1.1867423102209247,0.16444865470423195,0.24801451262401975,0.019088638968694394,0.3613865203702841,0.03768530196314658,0.0003309963298535758,0.0017751954527047786,0.0001201979543413681,0.01871752560582343,-0.35583157611873983,0.029833583364019377,25,0,0,100,0.01,100,1.0,25,0,0.7172180964890239,0.053190202585112825,0.1970672309970243,0.0022503663572681406,0.0011216079966917098,0.1469365573472895,0.0,0.0,0.0004486075436739746,0.008160604881508616,0.03884035511562678,0.0008853941211638624,655,1.0,70.0
0.05,0.0,0.16559258308676858,0.02523477040922595,0.16795792697818407,0.102408033184446,0.009999999999999998,1.7434626923745965e-18,0.6557641300049423,20.0,0.6935675194341144,0.059062215942258446,-1.080443082028032,0.18149792849540916,0.49021006843881054,0.03741566811406482,0.7489691650538959,0.03636793715128655,-0.019724299892358316,0.016812298144875632,-0.032269812755588614,0.06674575540826785,-0.7962096644384978,0.13809017463995227,5,0,0,100,0.1,100,0.0,5,0,1.5451788294923936,0.168356290703868,0.4089751869806939,0.029521674501341296,0.030966190321153175,0.22315393262581926,0.0,0.0,-0.025674682102610275,0.034542381732109655,0.16795792697818407,0.024128756033842274,656,1.0,70.0
0.04,0.0,0.09910039732238975,0.008680781380157796,0.0911153896662655,0.05395119908729275,0.004000000000000001,8.691016830429778e-19,0.8078605502852234,25.0,0.5215790437169402,0.0504783766645966,-1.113661150415082,0.2407599510647086,0.384709385755888,0.03788414148487467,0.6135375028528044,0.07278325282025006,-0.002670680253435739,0.007152880465295458,-0.014452363021434794,0.019508461946436725,-0.592111005828907,0.04414000392579122,10,0,0,250,0.08888888888888889,250,0.0,10,0,1.2056485086817115,0.08533688483178402,0.3017213365328953,0.009405952433840604,0.05388460317164334,0.19715370942621718,0.0,0.0,-0.005785873885668367,0.015342503230991589,0.09111538966626553,0.005603474934981267,657,1.0,200.0
0.1,0.0,0.06729691813052276,0.0025500584562994024,0.0386932556480097,0.022791593378653302,0.004000000000000001,8.691016830429778e-19,0.9944671013532985,10.0,0.333920572157284,0.02669168696772697,-1.10116293623681,0.26590755072729066,0.24567352857652935,0.02567597819586574,0.40123539879585385,0.04678020637795968,-0.001515881534960768,0.002293410895547955,-0.007544286635800328,0.01883053837525214,-0.38266488288041595,0.03426888754151381,25,0,0,250,0.023333333333333334,250,0.0,25,1,0.7839002816762698,0.03735732388104061,0.1966579637909894,0.004437168484283924,0.08405889916179905,0.22245546709982142,0.0,0.0,-0.005436454134952058,0.01036209135732648,0.03869325564800972,0.0017006002157883215,658,1.0,200.0
0.10638297872340426,0.0,0.715568628591231,1.7691088533566692e-06,6.1903088947984456e-06,1.0996779224272165e-05,0.021276595744680857,7.013911153301922e-18,0.005400784660025768,9.4,0.0024801381819877003,0.0027212107395350707,0.07046370813808504,1.1484866014532031,0.0015960853550056092,0.0016645270247537774,0.007286091960081722,0.007425641836501211,0.0024766793274508736,0.0026198416841109293,0.002102532436976876,0.0025542474634924262,8.833946137621941e-05,6.127092631784913e-05,5,0,0,47,1.0,47,2.0,5,3,0.007197752498705504,0.007410081348459266,0.0018382184851134184,0.0018745871864845932,0.7015258694420448,0.7934791090509116,0.0018445322793148883,0.00412449956324072,0.0022315884846688767,0.002630259739436715,6.190308894798448e-06,8.530959838156577e-06,659,2.0,40.0
0.11764705882352941,0.0,0.3854062567190014,1.3086248088664311e-06,4.36446757709396e-06,5.888116833595799e-06,0.0196078431372549,0.0,0.009914324699484157,8.5,0.002222934210426559,0.0011724196291608999,2.2654051526600782,5.079660833858197,0.0015679571848996885,0.0008582442791416917,0.1797817105526591,0.4016724699106415,0.17463373992048306,0.4039459406887367,0.17424656678610126,0.4041665339266601,0.17154877672053145,0.4045042322714566,6,0,0,51,0.2,51,4.0,6,4,0.008232933832127658,0.004022263613095205,0.0018564567184779343,0.0010495919375712252,0.039206442769918776,1.5885879680480997,0.0,0.0,0.17439033398406942,0.40409929560432034,4.364467577093958e-06,4.171259066677916e-06,660,2.0,50.0
0.029411764705882353,0.0,0.31415291988651384,0.00977694194605789,0.05214768935709188,0.03881163128433162,0.029411764705882353,0.0,0.18462199714342462,34.0,0.022186282855408825,0.049563876506055794,2.525716757832151,5.210427933970835,0.016942687761385494,0.03935895230372448,0.1045520412678425,0.13779326330065186,0.02112088548051154,0.09636791402551671,0.021623440834535802,0.11272172836221003,-0.08006995587558212,0.10468784767393982,1,0,0,34,0.30685956287531735,34,0.0,1,1,0.18462199714342462,0.11450752467362747,0.0313321763369205,0.023860635610668098,-0.46814278209796967,0.8010185850441569,0.0,0.000206994227082485,0.022669365011960204,0.1037641918617949,0.000981705274007881,0.009634733636189613,661,2.0,40.0
0.015,0.0,0.18108837808918815,0.003959130923105151,0.021731009653516303,0.01586446394138137,0.0024999999999999996,4.342239886422062e-19,1.224116411083115,66.66666666666667,0.1777544192180719,0.06653994076744164,1.4930972529195097,1.1873739389886608,0.12815448853685568,0.042762557840424965,0.8908780926086534,0.09749538466484177,0.3375994572496852,0.05216564110149825,0.3155123388886665,0.06836083251826365,0.06115106662727898,0.03957186565907718,6,0,0,400,0.0,400,0.0,6,6,0.8297270259813745,0.1316133098684376,0.14352001816131393,0.036872982637575054,0.9189503488281702,0.37437928916571017,0.0,0.0,0.31956409778596323,0.06227008215673133,0.021731009653516303,0.011457660973959316,664,2.0,300.0
0.01968503937007874,0.0,0.41994343953487046,0.0003776782594793346,0.001339197805354035,0.002293614130880376,0.001968503937007874,0.0,0.20183785087893422,50.8,0.04544056914072063,0.030019289489434723,-0.18194449511497343,0.4202654399523557,0.03271992092682302,0.02145642812057669,0.318122131608933,0.24275941486306515,0.22917803872353343,0.22606779372479266,0.2278709469629486,0.22706970248102765,0.15186655582328534,0.2109478476339544,10,0,0,508,0.4,508,2.0,10,8,0.16625557578564765,0.10322958877129217,0.03134536535357797,0.019907170014978923,0.2818307302641645,0.46176734519289236,0.0,0.0,0.22843394521054136,0.22695608731020533,0.0013391978053540344,0.0013666278967013306,666,0.0,500.0
0.06,0.0,0.5826708991425386,0.0007057774456591333,0.0012476532672622768,0.0014510609410868832,0.02,0.0,0.040933616405862225,16.666666666666668,0.04417025203318592,0.011912507660092289,0.21361030372357645,1.2542776928703323,0.031965533903126654,0.007019370269003492,0.31740881381247116,0.13125682860051566,0.24861643374739664,0.12700798258095725,0.24655481208975197,0.12718139856910557,0.153559304449331,0.12403063298307854,3,0,0,50,0.6666666666666666,50,3.0,3,1,0.16384950936314016,0.04034596269690213,0.03470968574986516,0.00802100203290245,-0.21084787981456485,0.42579554936133396,0.0,0.0,0.24825759372731912,0.1257857211822471,0.0012476532672622764,0.0005820065083053476,668,1.0,50.0
0.0175,0.0,0.29308311933129083,0.0018893606883362167,0.008331555979550648,0.01061733028976116,0.0024999999999999996,4.342239886422062e-19,0.066922906357505,57.142857142857146,0.10763714633646171,0.059632122664558425,1.07063575512496,0.9995331888196699,0.07852177817289661,0.042292893724000045,0.6318641154967838,0.1846721566124973,0.342297863674279,0.003999736728834897,0.33564576978601696,0.012711303837220507,0.12111310337450577,0.05314179857320307,7,0,0,400,0.19047619047619047,400,0.0,7,7,0.5107510121222779,0.22823840960765682,0.08242310825886542,0.04235939571391056,0.2019427003254303,0.7073724163091889,0.0,0.0,0.33763074347820876,0.008666191041915548,0.008331555979550646,0.008289581209172038,673,2.0,300.0
0.2962962962962963,0.0,0.8056198130943076,3.4245322152995554e-08,1.4965573884647005e-06,4.219143941404721e-06,0.03703703703703703,7.071075188784084e-18,0.0008901028087667406,3.375,0.0008268834486005677,0.002097137295056668,-1.059258292441265,0.4769251268381974,0.0006211697236301335,0.001648116841860435,0.005887509229722276,0.015642702346512945,0.00500213164808377,0.013526083557176811,0.004894407999009729,0.013307705604317599,0.004389347899197739,0.011965099292156013,8,0,0,27,0.8928571428571428,27,0.0,8,2,0.0014981613305245372,0.0036794745913916863,0.000490311321963381,0.0011981663113842975,0.6751349982632089,0.34694741737444307,0.0,0.0,0.004959061846491501,0.013453241948204008,1.4965573884647003e-06,4.2135004076565935e-06,674,2.0,20.0
0.045454545454545456,0.0,0.35779272677678303,0.009833371649957241,0.036457249261074576,0.03661931874611996,0.02439024390243903,0.010648211037859505,0.08611825542467667,22.0,0.1744599738291011,0.052054341901253263,0.8927567751877608,1.9009584283037442,0.10393626521425892,0.0010268291821483352,0.8049080716014454,0.2589163078919291,0.5873887217930617,0.2733352637389513,0.6439978547863532,0.3346804023287962,0.0837791828181037,0.10004363584343837,2,0,0,41,0.0,44,1.0,2,1,0.7211288887833417,0.35895994373536744,0.17880251685731932,0.09473024043633178,-0.9736936534274581,1.1213175216497406,0.0,0.0,0.6258577880800038,0.320956921652922,0.036457249261074576,0.03387601082503025,675,0.0,40.0
0.02857142857142857,0.0,0.9498706694643676,0.00043473956267687575,0.00045772378791741365,0.0006148754611788053,0.014285714285714282,3.494497435761294e-18,0.005859877095537915,35.0,0.025879297480113483,0.00044939746010898556,0.2712960541482856,0.06313729198858635,0.020042177050800778,0.0009239712225925479,0.1076421611798618,0.003892800915545777,0.049023356770704185,0.000254955121298205,0.04503364171757562,0.0005976430258959164,0.013838416239905232,0.0004868277594089082,2,0,0,70,1.0,70,0.0,2,2,0.09380374493995658,0.0034059731561368635,0.021394002523740303,0.00020220747566324716,0.8628480864486414,0.020413889916789003,0.0,0.0,0.046076673472457384,0.00022698575127483392,0.00045772378791741355,8.652054489317338e-06,681,0.0,60.0
0.025,0.0,0.31415291988651384,0.00977694194605789,0.05214768935709188,0.03881163128433162,0.025,0.0,0.010867450645362431,40.0,0.03332130748128165,0.049563876506055794,-0.8733442891519201,5.210427933970835,0.024409181491167737,0.03935895230372448,0.3214354596446713,0.13779326330065186,0.2698351877088191,0.09636791402551671,0.26508025236329413,0.11272172836221003,0.23252723683957152,0.10468784767393982,1,0,0,40,0.30685956287531735,40,1.0,1,0,0.08890822280509977,0.11450752467362747,0.02263029953963892,0.023860635610668098,0.2860621334862612,0.8010185850441569,0.0,0.000206994227082485,0.26863729044760015,0.1037641918617949,0.0005121304572537816,0.009634733636189613,684,1.0,40.0
0.009287925696594427,0.0,0.473826991253226,7.553217542893397e-05,0.00017937205609107768,0.00018647468691831507,0.003095975232198143,4.343537644632577e-19,0.07867571316527208,107.66666666666667,0.01831901756013701,0.008366144455301889,-0.5143221357607467,0.3595837377890056,0.013514088214142675,0.006049130217191948,0.02976459452052731,0.010134178380976773,5.084373580108325e-05,0.0014938355827107453,-4.4753644226820155e-05,0.0004536136029984226,-0.02822398139074203,0.00840905185512434,3,0,0,323,0.3333333333333333,323,1.0,3,1,0.057988575911269345,0.018072235579991925,0.012847081130393965,0.004635390358991312,0.023589625498464967,0.15420002561120083,0.0,0.0,-6.698538977097911e-07,0.0009897641782897018,0.00017937205609107774,0.00010931275048690556,690,1.0,400.0
0.04680851063829787,0.0,0.16681965735644036,0.002159597792624726,0.012777153631234535,0.009052386728225868,0.004347826086956521,0.0014029371774378452,0.4178195685243282,21.363636363636363,0.12445648628510943,0.013276055666565537,1.0121116879818806,0.48873461491703074,0.09116035627941242,0.00954925069245535,0.6797213578657055,0.07977166408858932,0.2633749111838112,0.0058323029970393505,0.2677444462749216,0.00594869110906685,0.0,0.0,11,0,0,230,0.0,235,0.0,11,11,0.6797213578657055,0.07977166408858932,0.11270417868127978,0.009078210887281753,0.09617054944027967,0.30801177892092013,8.448910495198231e-05,3.087009422932674e-05,0.2656015846204589,0.004299464919679347,0.012777153631234535,0.0021288790583910283,695,2.0,200.0
0.35714285714285715,0.0,0.35168840396757356,0.00013403865639662117,0.0023119339585199322,0.008612087700599043,0.023809523809523808,0.0,0.06503083565655224,2.8,0.031781883218679446,0.0738103181732712,0.1714520121961667,1.3493913586138828,0.024199021387468583,0.05629275212260999,0.11400162554934685,0.20088955889059956,0.06491871889957751,0.11541788446573924,0.06348018775243275,0.11240724911867546,0.03005370902632525,0.04810972481751436,15,0,0,42,0.2380952380952381,42,11.0,15,8,0.08394791652302161,0.15311000482837353,0.021669356798867525,0.044429393437107105,0.5210157753481123,0.44312229597313,0.0,0.0,0.06369270329350961,0.11404814231828382,0.0023119339585199322,0.008517431655762277,696,2.0,40.0
0.04285714285714286,0.0,0.8745917971108851,0.13421093872397388,0.15429589933622317,0.23645483787951488,0.014285714285714282,3.494497435761294e-18,0.01849101617896359,23.333333333333332,0.7227410359818863,0.09910995621926671,-1.3461642923487636,0.12048927782074169,0.543482310072442,0.08258775626467176,0.7173198151123575,0.09631201987570993,0.03833683427317757,0.011588856378210104,0.017001792705817798,0.01215672790795889,-0.6282812999399591,0.08808829905320657,3,0,0,70,1.0,70,0.0,3,0,1.3456011150523166,0.16648566466543083,0.3916596725368316,0.03671376263538571,-0.048711922470126644,0.05816360010428061,0.0,0.0,0.04469228373944701,0.010730174424387697,0.15429589933622315,0.02874365828746333,698,0.0,60.0
0.16666666666666666,0.0,0.488902644481372,0.014687740312334057,0.04666342320858343,0.10770801012838094,0.023809523809523808,0.0,0.006000129241823384,6.0,0.2320016361843193,0.2680178427851438,7.35270567228162,12.871034563983276,0.04380800867715238,0.058817429822117566,0.482641903884491,0.40593667407011574,0.19065719831226816,0.2640024237127444,0.169658918670966,0.36153762408775186,0.0012211828132413561,0.0026739357742320714,7,0,0,42,0.5714285714285714,42,0.0,7,3,0.48142072107124967,0.4042580598480796,0.15684101564333983,0.16044221864576008,1.874613420180263,2.200667544061172,0.0,0.0,0.18137410070122703,0.30397915426525296,0.0466634232085834,0.0621923095662886,702,2.0,30.0
0.010752688172043012,0.0,0.31415291988651384,0.00977694194605789,0.05214768935709188,0.03881163128433162,0.010989010989010992,0.002254375992950362,1.0716733522819766e-07,93.0,0.00012340629838025752,0.049563876506055794,6.838139427521375,5.210427933970835,3.181253717201038e-05,0.03935895230372448,1.0,0.13779326330065186,0.9998932447429267,0.09636791402551671,0.99997838841669,0.11272172836221003,0.9990155272831647,0.10468784767393982,1,0,0,91,0.30685956287531735,93,0.0,1,1,0.0009844727168353273,0.11450752467362747,0.00018372271410856293,0.023860635610668098,-2.551188788908546,0.8010185850441569,0.00023889154323936847,0.000206994227082485,0.9999560621726399,0.1037641918617949,3.3754035679416754e-08,0.009634733636189613,706,0.0,80.0
0.06,0.0,0.2749467128060306,0.000267572624083003,0.001810497305621971,0.001530058713938177,0.02,0.0,0.18706829580129958,16.666666666666668,0.04352557188247222,0.022501587426766247,1.9720402616740171,2.576470810943882,0.03426079000699119,0.01803230814013842,0.43390914724956325,0.29901766127677865,0.34023711253606076,0.301949214186021,0.34485185955170033,0.31226577465112815,0.23196561414611216,0.19616582155347168,3,0,0,50,0.3333333333333333,50,1.0,3,2,0.20194353310345112,0.12662168520497255,0.038483071796975694,0.022233437341899663,-0.1756822534024073,1.3696699101149123,0.0,0.0,0.3413617398518875,0.30733907506290103,0.0018104973056219716,0.0014413803615854056,707,2.0,50.0
0.0684931506849315,0.0,0.4641742832659189,0.0015437553333745029,0.0032294401034143336,0.005149978677923263,0.0136986301369863,0.0,0.024083203671664447,14.6,0.07054297465594613,0.04672781633657472,1.772212124457262,3.3437804786894403,0.04256973835858567,0.02850904998529342,0.4300637666445655,0.34528713282781603,0.2915877708194381,0.3551049129800682,0.28888028924332054,0.3725264326888268,0.19437214903811478,0.30793737811800853,5,0,0,73,0.6000000000000001,73,0.0,5,3,0.23569161760645074,0.11894471517565,0.05114772172062591,0.02768913745053613,0.7336651013240938,0.9904943740622114,0.0,0.0,0.28924069689243304,0.36281530513525073,0.003229440103414334,0.0022978311487906558,708,1.0,70.0
0.011363636363636364,0.0,0.31415291988651384,0.00977694194605789,0.05214768935709188,0.03881163128433162,0.011363636363636366,1.7446646661074256e-18,0.0001500372821060525,88.0,0.283575590622821,0.049563876506055794,-0.3068055588234917,5.210427933970835,0.09816366563170827,0.03935895230372448,0.9776164197224855,0.13779326330065186,0.8168800556572571,0.09636791402551671,0.9031222692505882,0.11272172836221003,0.3192334488190774,0.10468784767393982,1,0,0,88,0.30685956287531735,88,0.0,1,0,0.6583829709034081,0.11450752467362747,0.17648543313584494,0.023860635610668098,-0.9991882417927248,0.8010185850441569,0.0,0.000206994227082485,0.8631205476231727,0.1037641918617949,0.031147108109146796,0.009634733636189613,711,1.0,80.0
